,"Item","Description","Preferred Vendor","U/M","Albertsons Denver Price"
,"GM34PBT100-AY","810312-023211 / #23211 PRINT V-NECK 3-4 BAND CLR TUNIC",,"EACH (EA)",999.00
,"GM34PVT100-AY","810312-022238 / #22238 PRINT V-NECK 3-4 SL TUNIC",,"EACH (EA)",999.00
,"GM34PWT100-AY","810312-023518 / #23518 PRINT 3-4 WAFFLE KNIT TUNIC",,"EACH (EA)",999.00
,"GM34SPT100-AY","810312-023525 / #23525 SOLID 3-4 PLEAT BACK TUNIC",,"EACH (EA)",999.00
,"GM34SST100-AY","810312-023310 / #23310 SUPER SOFT 3-4 V SLV TUNIC",,"EACH (EA)",999.00
,"GM34SVT100-AY","810312-022450 / #22450 SOLID V-NECK 3-4 SL TUNIC",,"EACH (EA)",999.00
,"GMAFFM101-AY","810312-023181 / #23181 ADULT FABRIC FACE MASK (96 EA)",,"EACH (EA)",999.00
,"GMAFFM102-AY","810312-023181 / #23181 ADULT FABRIC FACE MASK (192 EA)",,"EACH (EA)",999.00
,"GMAFS100-FW","810312-021651 / #21651 ANTI-SLIP FUZZY SOCKS (2PK)",,"EACH (EA)",999.00
,"GMAKH1000-FW","810312-020050 / #20050 ADORABLE KNITTED HAT (EA)",,"EACH (EA)",999.00
,"GMASTB10-SS","810312-021323 / #21323 ANGEL SL. TIE BLOUSE (EA)",,"EACH (EA)",999.00
,"GMATB1000-SS","810312-020067 / #20067 ADJUSTABLE TIE BLOUSE (EA)",,"EACH (EA)",999.00
,"GMAW1000-FW","810312-020319 / #20319 FASHION ARM WARMER",,"EACH (EA)",999.00
,"GMBA100-AY","810312-023174 / #23174 BANDANA (3 PACK)",,"EACH (EA)",999.00
,"GMBBKHT100-FW","810312-021637 / #21637 KEY HOLE BUTTON TUNIC",,"EACH (EA)",999.00
,"GMBFL101-FW","810312-021071 / #21071 BROCADE FLEECE LEGGINGS",,"EACH (EA)",999.00
,"GMBS12000-SS","094088-290088 / #90088 BURNOUT SHIRT",,"EACH (EA)",999.00
,"GMBSD100-AY","810312-023426 / #23426 BUBBLE SLEEVE DUSTER",,"EACH (EA)",999.00
,"GMBST1000-FW","810312-020548 / #20548 BELL SLEEVE TUNIC",,"EACH (EA)",999.00
,"GMBST3000-FW","810312-021248 / #21248 BUTTON SLEEVE TUNIC",,"EACH (EA)",999.00
,"GMCAST100-SS","810312-022191 / #22191 CROCHET ACCENT SLEEVE TUNIC",,"EACH (EA)",999.00
,"GMCBTT100-FW","810312-021231 / #21231 CROSS-BACK TIE TUNIC",,"EACH (EA)",999.00
,"GMCC105-AY","810312-021606 / #21606 CHARGING CABLE - ANDROID - 4FT",,"EACH (EA)",999.00
,"GMCC110-AY","810312-021613 / #21613 CHARGING CABLE - IPAD/IPHONE - 4FT",,"EACH (EA)",999.00
,"GMCHT100-SS","810312-021446 / #21446 CROSSOVER HEM TUNIC",,"EACH (EA)",999.00
,"GMCMSD1000-SS","810312-020487 / #20487 CNVRTBLE MAXI SKIRT DRESS",,"EACH (EA)",999.00
,"GMCNT100-SS","810312-021163 / #21163 CROCHET NECKLINE TUNIC",,"EACH (EA)",999.00
,"GMCP100-FW","810312-021644 / #21644 CORDUROY PANTS",,"EACH (EA)",999.00
,"GMCS10001-FW","094088-103043 / #03043 CRINKLED SCARF - HEAVY WEIGHT",,"EACH (EA)",999.00
,"GMCSSL100-SS","810312-021309 / #21309 PRINT CAPRI S. SOFT LEGNG",,"EACH (EA)",999.00
,"GMCSSL110-SS","810312-021293 / #21293 SOLID CAPRI S. SOFT LEGNG",,"EACH (EA)",999.00
,"GMCST10-SS","810312-022184 / #22184 COLD SHOULDER TUNIC",,"EACH (EA)",999.00
,"GMCT1000-SS","810312-020326 / #20326 CHILL TOWEL - EA",,"EACH (EA)",999.00
,"GMDFM100-AY","810312-023167 / #23167 DISP FACE MASK (40 BOXES)",,"EACH (EA)",999.00
,"GMDFM101-AY","810312-023167 / #23167 DISP FACE MASK (48 BOXES)",,"EACH (EA)",999.00
,"GMDGPSSL10-AY","810312-022160 / #22160 DG PRINT SUPER SOFT LEGGING",,"EACH (EA)",999.00
,"GMDJ100-AY","810312-021118 / #21118 DENIM JEGGING-SOLID",,"EACH (EA)",7.75
,"GMDLST1000-FW","810312-020975 / #20975 DOUBLE LACE SLEEVE TUNIC",,"EACH (EA)",999.00
,"GMDTT100-SS","810312-021330 / #21330 DRAWSTRING TIE TUNIC",,"EACH (EA)",999.00
,"GMFBT1100-FW","810312-020685 / #20685 FLARE BOTTOM TUNIC",,"EACH (EA)",999.00
,"GMFD100-SS","810312-020760 / #20760 FRINGE DRESS - SOLID",,"EACH (EA)",999.00
,"GMFI210-AY","810312-020937 / #20937 FIRE & ICE-20 OZ TUMBLER W/BOX-(24/CS)",,"EACH (EA)",999.00
,"GMFI215-AY","810312-020944 / #20944 FIRE & ICE-30 OZ TUMBLER W/BOX-(24/CS)",,"EACH (EA)",999.00
,"GMFIS1000-FW","810312-020449 / #20449 FASHION INFINITY SCARF",,"EACH (EA)",999.00
,"GMFIS1010-FW","810312-020432 / #20432 FRINGE INFINITY SCARF",,"EACH (EA)",999.00
,"GMFL1000-AY","810312-020494 / #20494 FASHION LANYARD",,"EACH (EA)",999.00
,"GMFL1020-AY","LANYARD DISPLAYER",,"EACH (EA)",999.00
,"GMFLT100-SS","810312-021187 / #21187 FULL LACE TUNIC",,"EACH (EA)",999.00
,"GMFS10030-SS","810312-020258 / #20258 FASHION SUNDRESS",,"EACH (EA)",999.00
,"GMFS10040-SS","810312-024300 / #24300 FASHION SUNDRESS",,"EACH (EA)",999.00
,"GMFS10050-SS","810312-020562 / #20562 FASH SUNDRESS - SHORT SLV",,"EACH (EA)",999.00
,"GMFS10060-SS","810312-020623 / #20623 SURPLICE SUNDRESS",,"EACH (EA)",999.00
,"GMFS10070-SS","810312-020838 / #20838 JUNIORS FASHION SUNDRESS",,"EACH (EA)",999.00
,"GMFT1000-AY","810312-020241 / #20241 FUNNY TEEZ",,"EACH (EA)",999.00
,"GMFTG100-FW","810312-020500 / #20500 FLIP-TOP GLOVE",,"EACH (EA)",999.00
,"GMG100-AY","GOGGLES",,"EACH (EA)",999.00
,"GMHLCHT100-AY","810312-023068 / #23068 HIGH LOW CURVED HEM TUNIC",,"EACH (EA)",999.00
,"GMHP1000-AY","810312-020647 / #20647 HAREM PANTS",,"EACH (EA)",999.00
,"GMHRAL100-AY","810312-023235 / #23235 HIGH RISE ATHLETIC LEGGINGS",,"EACH (EA)",8
,"GMHSLT100-SS","810312-020593 / #20593 HALF SLEEVE LACE TUNIC",,"EACH (EA)",999.00
,"GMHSSL100-FW","810312-023624 / #23624 HOLIDAY SUPER SOFT LEGGING",,"EACH (EA)",4.2
,"GMKFFM101-AY","810312-023198 / #23198 KIDS FABRIC FACE MASK (72 EA)",,"EACH (EA)",999.00
,"GMKMST100-SS","810312-023136 / #23136 KIMONO SLEEVE TUNIC",,"EACH (EA)",999.00
,"GMKMST200-SS","810312-024607 / #24607 KIMONO SLEEVE TUNIC",,"EACH (EA)",999.00
,"GMKST100-SS","810312-021422 / #21422 KNOT SLEEVE TUNIC",,"EACH (EA)",999.00
,"GMLBC1000-FW","810312-020739 / #20739 LACE BOOT CUFF (COTTON)",,"EACH (EA)",999.00
,"GMLBS1000-FW","810312-020630 / #20630 LACE BOOT SOCKS (COTTON)",,"EACH (EA)",999.00
,"GMLS100-AY","810312-023655 / #23655 LOUNGE SET",,"EACH (EA)",999.00
,"GMLS100-FW","810312-021002 / #21002 LACE SCARF",,"EACH (EA)",999.00
,"GMLSSL100-SS","810312-020814 / #20814 LACE SUPER SOFT LEGGING",,"EACH (EA)",999.00
,"GMLSTT100-FW","810312-021279 / #21279 LONG SLEEVE THERMAL TOP",,"EACH (EA)",999.00
,"GMLTST100-FW","810312-020982 / #20982 LACE TRIM SLEEVE TUNIC",,"EACH (EA)",999.00
,"GMLTT1000-SS","810312-020586 / #20586 LACE TANK TOP",,"EACH (EA)",999.00
,"GMMFBS100-AY","810312-021477 / #21477 MULTIFUNCTN BACK SCRATCHR",,"EACH (EA)",999.00
,"GMMG1000-AY","810312-020531 / #20531 MAGNIFY GLASS - 5X 6-LED",,"EACH (EA)",999.00
,"GMMP11001-SS","094088-102329 / #02329 MINI PLEAT BLOUSES - CAP SLEEVES",,"EACH (EA)",999.00
,"GMMW10000-AY","094088-290149 / #90149 MAGNETIC WAND",,"EACH (EA)",999.00
,"GMND100-AY","810312-023303 / #23303 NIGHT DRESS WITH COZY SOCKS",,"EACH (EA)",999.00
,"GMND200-AY","810312-024034 / #24034 NIGHT DRESS WITH COZY SOCKS",,"EACH (EA)",999.00
,"GMNDGB100-AY","810312-023891 / #23891 NIGHT DRESS WITH GIFT BOX",,"EACH (EA)",999.00
,"GMNSS10-AY","810312-022146 / #22146 NO SHOW SOCKS (5 PK)",,"EACH (EA)",999.00
,"GMOFC100-FW","810312-023877 / #23877 OPEN FRONT CARDIGAN",,"EACH (EA)",999.00
,"GMOSD100-SS","810312-021347 / #21347 OFF SHOULDER DRESS",,"EACH (EA)",999.00
,"GMOSLT1000-FW","810312-020708 / #20708 OPEN SLEEVE LACE TUNIC",,"EACH (EA)",999.00
,"GMP100-AY","810312-022535 / #22535 PASHMINAS",,"EACH (EA)",999.00
,"GMPDJ100-AY","810312-021552 / #21552 PRINTED JEGGING",,"EACH (EA)",9
,"GMPFL1010-FW","810312-020692 / #20692 PRINTED FLEECE LEGGINGS",,"EACH (EA)",3.75
,"GMPJP100-AY","810312-021125 / #21125 JOGGER PANTS - PRINTED",,"EACH (EA)",999.00
,"GMPMD100-SS","810312-020852 / #20852 PLEATED MAXI DRESS",,"EACH (EA)",999.00
,"GMPOS1000-FW","810312-020234 / #20234 PULL OVER SHAWL",,"EACH (EA)",999.00
,"GMPP21-FW","810312-020043 / #20043 PREMIUM PASHMINA SCARF - EA",,"EACH (EA)",999.00
,"GMPPP120-SS","810312-020555 / #20555 PRINTED PALAZZO PANTS",,"EACH (EA)",999.00
,"GMPPP300-FW","810312-023754 / #23754 PRINTED PLUSH PANTS",,"EACH (EA)",7
,"GMPPS100-FW","810312-022603 / #22603 POM-POM SLIPPERS",,"EACH (EA)",999.00
,"GMPPS200-FW","810312-022603 / #PDQ POM-POM SLIPPERS",,"EACH (EA)",999.00
,"GMPPST200-FW","810312-021705 / #21705 PRINTED POCKET SWING TUNIC",,"EACH (EA)",999.00
,"GMPS100-FW","810312-021699 / #21699 PLAID SCARF",,"EACH (EA)",999.00
,"GMPSFL100-FW","810312-023341 / #23341 PRINTED SEAMLESS FLEECE LEGGINGS",,"EACH (EA)",999.00
,"GMPST100-SS","810312-020784 / #20784 PINWHEEL SLEEVE TUNIC",,"EACH (EA)",999.00
,"GMPSV1000-FW","810312-021255 / #21255 SWEATER VEST - PRINTED",,"EACH (EA)",999.00
,"GMRA10210-AY","810312-020333 / #20333 4-WAY RACK",,"EACH (EA)",65
,"GMRA10215-AY","810312-021033 / #21033 ATTACHMENT ARM",,"EACH (EA)",0.00
,"GMRA10216-AY","810312-022627 / #22627 ARM CLIP (AC)",,"EACH (EA)",0.00
,"GMRA10219-AY","810312-021088 / #21088 J-HOOK 10'' (JH)",,"EACH (EA)",0.00
,"GMRA10220-AY","810312-021040 / #21040 PEG HOOK (PH)",,"EACH (EA)",0
,"GMRA10223-AY","810312-022610 / #22610 HOOK CLIP (HC)",,"EACH (EA)",0
,"GMRA10225-AY","810312-021545 / #21545 1-2 WAY RACK",,"EACH (EA)",55
,"GMRBH100-AY","810312-024324 / #024324 REVERSIBLE BUCKET HATS",,"EACH (EA)",999.00
,"GMRH100-AY","810312-020364 / #20364 RHINESTONE HANDBAG",,"EACH (EA)",999.00
,"GMRHMD100-SS","810312-022252 / #22252 ROUND HEM MAXI DRESS",,"EACH (EA)",999.00
,"GMRHMD200-SS","810312-024416 / #24416 ROUND HEM MAXI DRESS",,"EACH (EA)",999.00
,"GMRST1000-SS","810312-020753 / #20753 RUFFLE SLEEVE TUNIC",,"EACH (EA)",999.00
,"GMRTST100-SS","810312-022436 / #22436 ROLL TAB 3-4 SLEEVE TUNIC",,"EACH (EA)",999.00
,"GMRUST200-FW","810312-021729 / #21729 ROLL UP SLEEVE TUNIC",,"EACH (EA)",999.00
,"GMS200-SS","810312-022283 / #22283 SARONG (48 EACH)",,"EACH (EA)",999.00
,"GMSAT100-SS","810312-021194 / #21194 SLIT ACCENT PANTS",,"EACH (EA)",999.00
,"GMSBS100-FW","810312-020517 / #20517 SEQUIN BALLERINA SLIPPERS",,"EACH (EA)",999.00
,"GMSBST100-SS","810312-023433 / #23433 SOLID BACK SLIT TUNIC",,"EACH (EA)",999.00
,"GMSCU100-SS","810312-021439 / #21439 SILKY COVER UP",,"EACH (EA)",999.00
,"GMSCU200-SS","810312-024423 / #24423 SILKY COVER UP",,"EACH (EA)",999.00
,"GMSCYP100-AY","810312-023501 / #23501 SOLID COTTON YOGA PANTS",,"EACH (EA)",8
,"GMSFL1010-FW","810312-020456 / #20456 SEAMLESS FLEECE LEGGINGS",,"EACH (EA)",3.75
,"GMSFTL100-FW","810312-024072 / #24072 SEAMLESS FRENCH TERRY LEGGINGS",,"EACH (EA)",999.00
,"GMSH10000-SS","094088-102022 / #02022 SUMMER SHEER SCARF",,"EACH (EA)",999.00
,"GMSH10020-AY","810312-020524 / #20524 EXTENDABLE SHOEHORN",,"EACH (EA)",999.00
,"GMSL120-AY","810312-021170 / #21170 SPORT LEGGING",,"EACH (EA)",999.00
,"GMSLT100-SS","810312-020791 / #20791 SLEEVELESS LACE TUNIC",,"EACH (EA)",999.00
,"GMSLT1000-SS","810312-020609 / #20609 SOLID LACE TUNIC",,"EACH (EA)",999.00
,"GMSMS100-SS","810312-022214 / #22214 SLIT MAXI SKIRT",,"EACH (EA)",999.00
,"GMSP200-AY","810312-021941 / #21941 SCRUB PANTS - BLACK",,"EACH (EA)",999.00
,"GMSP205-AY","810312-022023 / #22023 SCRUB PANTS - GRAY",,"EACH (EA)",999.00
,"GMSP210-AY","810312-022061 / #22061 SCRUB PANTS - ROYAL BLUE",,"EACH (EA)",999.00
,"GMSP215-AY","810312-022108 / #22108 SCRUB PANTS - CEIL BLUE",,"EACH (EA)",999.00
,"GMSP220-AY","810312-021989 / #21989 SCRUB PANTS - NAVY",,"EACH (EA)",999.00
,"GMSPP110-FW","810312-020340 / #20340 SUPER PLUSH PANTS",,"EACH (EA)",999.00
,"GMSPP120-SS","810312-021132 / #21132 SOLID PALAZZO PANTS",,"EACH (EA)",999.00
,"GMSPPT100-SS","810312-022269 / #22269 SLVELESS PRINT POCKET TUN",,"EACH (EA)",999.00
,"GMSS18000-AY","810312-021736 / #21736 GILDAN 18000-SWEATSHIRT WT-(L)",,"EACH (EA)",999.00
,"GMSSH100-AY","810312-023884 / #23884 SUPER SOFT HOODIE",,"EACH (EA)",999.00
,"GMSSL1010-AY","810312-020463 / #20463 PRINT SUPER SOFT LEGGING",,"EACH (EA)",3.75
,"GMSSL1020-AY","810312-020654 / #20654 SOLID SUPER SOFT LEGGING",,"EACH (EA)",3.75
,"GMSSL1025-AY","810312-021682 / #21682 BLACK-SUPER SOFT LEGGING",,"EACH (EA)",999.00
,"GMSSL1030-SS","810312-020913 / #20913 SOLID SUP SOFT LEGG-BRITE",,"EACH (EA)",999.00
,"GMSSL1040-AY","810312-020951 / #20951 JR SUP SOFT LEGGING -PRNT",,"EACH (EA)",999.00
,"GMSSL1050-FW","810312-025109 / #25109 CHRISTMAS SUP SOFT LEGGING",,"EACH (EA)",999.00
,"GMSSL1060-AY","810312-022306 / #22306 L-2XL PRINT SUP SOFT LEGGING",,"EACH (EA)",999.00
,"GMSSLST100-AY","810312-023761 / #23761 SUPER SOFT LONG SLEEVE TEE",,"EACH (EA)",999.00
,"GMSSPP-FW","810312-021316 / #21316 SUPER SOFT PAJAMA PANTS",,"EACH (EA)",999.00
,"GMSSPT200-SS","810312-023440 / #23440 SOLID SHORT SLV PKT TUNIC",,"EACH (EA)",999.00
,"GMSST100-SS","810312-021415 / #21415 SPLIT SLEEVE TUNIC",,"EACH (EA)",999.00
,"GMST100-AY","810312-021743 / #21743 SCRUB TOP - BLACK",,"EACH (EA)",999.00
,"GMST105-AY","810312-021828 / #21828 SCRUB TOP - GRAY",,"EACH (EA)",999.00
,"GMST110-AY","810312-021866 / #21866 SCRUB TOP - ROYAL BLUE",,"EACH (EA)",999.00
,"GMST115-AY","810312-021903 / #21903 SCRUB TOP - CEIL BLUE",,"EACH (EA)",999.00
,"GMST120-AY","810312-021781 / #21781 SCRUB TOP - NAVY",,"EACH (EA)",999.00
,"GMSWKT100-FW","810312-023228 / #23228 SOLID WAFFLE KNIT TUNIC",,"EACH (EA)",999.00
,"GMTFK100-SS","810312-022221 / #22221 TIE FRONT KIMONO",,"EACH (EA)",999.00
,"GMTFL100-FW","810312-021668 / #21668 TEXTURED FLEECE LEGGINGS",,"EACH (EA)",3.75
,"GMTK100-AY","810312-021576 / #21576 TIDY KEYS (24/CS)",,"EACH (EA)",999.00
,"GMTK105-AY","810312-021576 / #21576 TIDY KEYS (48/CS)",,"EACH (EA)",999.00
,"GMTS1000-FW","810312-020265 / #20265 THE SCAPE (SCARF + CAPE)",,"EACH (EA)",999.00
,"GMTST100-SS","810312-021156 / #21156 TIE SLEEVE TUNIC",,"EACH (EA)",999.00
,"GMTST200-SS","810312-022207 / #22207 TULIP SLEEVE TUNIC",,"EACH (EA)",999.00
,"GMTTBD100-SS","810312-023112 / #23112 TASSEL TIE BACK MAXI DRESS",,"EACH (EA)",999.00
,"GMTWMD100-SS","810312-022153 / #22153 TIE WAIST MAXI DRESS",,"EACH (EA)",999.00
,"GMTWMD200-SS","810312-024270 / #24270 TIE WAIST MAXI DRESS",,"EACH (EA)",999.00
,"GMTXT100-AY","810312-021507 / #21507 TX TUMBLER - 20 OZ (24/CS)",,"EACH (EA)",999.00
,"GMTXT110-AY","810312-021514 / #21514 TX TUMBLER - 30 OZ (24/CS)",,"EACH (EA)",999.00
,"GMUSL1000-FW","810312-020999 / #20999 ULTRA STRETCH LEGGING",,"EACH (EA)",999.00
,"GMWH1000-AY","810312-020678 / #20678 WESTERN HANDBAG",,"EACH (EA)",999.00
,"GMWPP100-FW","810312-020777 / #20777 WINTER PALAZZO PANTS",,"EACH (EA)",999.00
,"GMWT100-AY","810312-021521 / #21521 WINE TUMBLR  12 OZ -GLOSS",,"EACH (EA)",999.00
,"GMWT110-AY","810312-021538 / #21538 WINE TUMBLR  12 OZ-MTALIC",,"EACH (EA)",5.5
,"GMWTS102-AY","810312-021460 / #21460 GILDAN 5000-SHORT SL WHITE-(S)",,"EACH (EA)",999.00
,"GMWTS103-AY","810312-021392 / #21392 GILDAN 5000-SHORT SL WHITE-(MD)",,"EACH (EA)",999.00
,"GMWTS104-AY","810312-021354 / #21354 GILDAN 5000-SHORT SL WHITE-(LG)",,"EACH (EA)",999.00
,"GMWTS105-AY","810312-021408 / #21408 GILDAN 5000-SHORT SL WHITE-(XL)",,"EACH (EA)",999.00
,"GMWTS110-AY","810312-021361 / #21361 GILDAN 5400-LONG SL WHITE-(MD)",,"EACH (EA)",999.00
,"GMWTS115-AY","810312-021378 / #21378 GILDAN 5400-LONG SL WHITE-(LG)",,"EACH (EA)",999.00
,"GMWTS120-AY","810312-021385 / #21385 GILDAN 5400-LONG SL WHITE-(XL)",,"EACH (EA)",999.00
,"GMXBST1100-FW","810312-020715 / #20715 2XL-3XL-BELL SLV TUNIC",,"EACH (EA)",999.00
,"GMXBST3100-FW","810312-021675 / #21675 2XL-3XL-BUTTON SLV TUNIC",,"EACH (EA)",999.00
,"GMXCNT120-SS","810312-021217 / #21217 2XL-3XL-CROCHET NKLNE TUN",,"EACH (EA)",999.00
,"GMXDJ110-AY","810312-021453 / #21453 2XL-3XL-DENIM JEGGING",,"EACH (EA)",999.00
,"GMXDLST2000-FW","810312-021026 / #21026 2XL-3XL-DBLE LACE SLV TUN",,"EACH (EA)",999.00
,"GMXFBT1120-FW","810312-020722 / #20722 2XL-3XL-FLARE BOTTOM TUN",,"EACH (EA)",999.00
,"GMXFS10048-SS","810312-020470 / #20470 2XL-3XL-FASHION SUNDRESS",,"EACH (EA)",999.00
,"GMXHSLT110-SS","810312-020869 / #20869 2XL-3XL-HALF SLV LACE TUN",,"EACH (EA)",999.00
,"GMXLTST200-FW","810312-021019 / #21019 2XL-3XL-LACE TRIM SLV TUN",,"EACH (EA)",999.00
,"GMXOSLT1100-FW","810312-020746 / #20746 2XL-3XL-OPEN SLV LACE TUNIC",,"EACH (EA)",999.00
,"GMXPHT1000-FW","810312-023259 / #23259 2XL-3XL-PRINT HNKCHEF HEM TUN",,"EACH (EA)",999.00
,"GMXPKT1000-FW","810312-023273 / #23273 2XL-3XL-PLUSH KNIT TUNIC",,"EACH (EA)",999.00
,"GMXPPP130-SS","810312-020890 / #20890 2XL-3XL-PRINT PALAZO PNTS",,"EACH (EA)",999.00
,"GMXPPST220-FW","810312-022672 / #22672 2XL-3XL-PRINT PKT SWG TUN",,"EACH (EA)",999.00
,"GMXPST110-SS","810312-020883 / #20883 2XL-3XL-PINWHEEL SLV TUNIC",,"EACH (EA)",999.00
,"GMXRST1010-SS","810312-020876 / #20876 2XL-3XL-RUFFLE SLV TUNIC",,"EACH (EA)",999.00
,"GMXSPPT200-SS","810312-023471 / #23471 2XL-3XL SLVELESS PRINT PKT TUN",,"EACH (EA)",999.00
,"GMXSPST220-FW","810312-022689 / #22689 2XL-3XL-SOLID PKT SWG TUN",,"EACH (EA)",999.00
,"GMXTST120-SS","810312-021200 / #21200 2XL-3XL-TIE SLEEVE TUNIC",,"EACH (EA)",999.00
,"GMXWPP200-FW","810312-020920 / #20920 2XL-3XL-WINTR PALAZO PANT",,"EACH (EA)",999.00
,"GMXWTS106-AY","810312-021484 / #21484 2XL-GILDAN 5000-SHORT SL WHITE",,"EACH (EA)",999.00
,"GMXWTS107-AY","810312-021491 / #21491 3XL-GILDAN 5000-SHORT SL WHITE",,"EACH (EA)",999.00
,"GMXWTS130-AY","810312-021224 / #21224 2XL-GILDAN 5400-LONG SL WHITE",,"EACH (EA)",999.00
,"GMYP100-AY","810312-021569 / #21569 YOGA PANTS",,"EACH (EA)",999.00
,"LIBDCL201-AY","810312-024461 / #24461 BUBBLE SLEEVE DUSTER (PW6154)",,"EACH (EA)",999.00
,"LIBDCL202-AY","810312-024454 / #24454 COTTON LEGGINGS (PW6154)",,"EACH (EA)",999.00
,"LIBFST101-FW","810312-020548 / #20548 BELL SLEEVE TUNIC (T8548)",,"EACH (EA)",999.00
,"LIBFST102-FW","810312-020685 / #20685 FLARE BOTTOM TUNIC (T8548)",,"EACH (EA)",999.00
,"LIBSD101-AY","810312-023426 / #23426 BUBBLE SLEEVE DUSTER (PWP)",,"EACH (EA)",999.00
,"LIBSSL101-AY","810312-024164 / #24164 BLACK SUPER SOFT LEGGINGS - S-2XL (L6471)",,"EACH (EA)",999.00
,"LIBSSL102-AY","810312-024171 / #24171 BLACK SUPER SOFT LEGGINGS - 2XL-3XL (L6471)",,"EACH (EA)",999.00
,"LIBST201-FW","810312-021248 / #21248 BUTTON SLEEVE TUNIC S-M (T4865)",,"EACH (EA)",999.00
,"LIBST202-FW","810312-022665 / #22665 BUTTON SLEEVE TUNIC L-XL (T4865)",,"EACH (EA)",999.00
,"LIBST301-FW","810312-021248 / #21248 BUTTON SLEEVE TUNIC S-XL (T4875)",,"EACH (EA)",999.00
,"LIBST302-FW","810312-021675 / #21675 2XL-3XL-BUTTON SLV TUNIC (T4875)",,"EACH (EA)",999.00
,"LIBWKJP101-FW","810312-023952 / #23952 BOYS WAFFLE KNIT PULLOVER (B5269)",,"EACH (EA)",999.00
,"LIBWKJP102-FW","810312-023969 / #23969 BOYS FLEECE JOGGER PANTS (B5269)",,"EACH (EA)",999.00
,"LICJJ101-AY","810312-023594 / #23594 CAPRI JEAN JEGGING S-XL (J9431)",,"EACH (EA)",11.5
,"LICJJ102-AY","810312-023631 / #23631 CAPRI JEAN JEGGING 2XL-3XL (J9431)",,"EACH (EA)",11.5
,"LICP201-FW","810312-021644 / #21644 CORDUROY PANTS S-M (P4401)",,"EACH (EA)",999.00
,"LICP202-FW","810312-022801 / #22801 CORDUROY PANTS L-XL (P4401)",,"EACH (EA)",999.00
,"LICSSL101-SS","810312-024379 / #24379 PRINT CAPRI S. SOFT LEGNG (L7986)",,"EACH (EA)",999.00
,"LICSSL102-SS","810312-024386 / #24386 PRINT CAPRI S. SOFT LEGNG 2XL-3XL (L7986)",,"EACH (EA)",999.00
,"LICSSL111-SS","810312-024355 / #24355 SOLID CAPRI S. SOFT LEGNG (L5562)",,"EACH (EA)",999.00
,"LICSSL112-SS","810312-024362 / #24362 SOLID CAPRI S. SOFT LEGNG 2XL-3XL (L5562)",,"EACH (EA)",999.00
,"LICSST101-AY","810312-022399 / #22399 COTTON SIDE SLIT TEE S (T9905)",,"EACH (EA)",999.00
,"LICSST102-AY","810312-022405 / #22405 COTTON SIDE SLIT TEE M (T9905)",,"EACH (EA)",999.00
,"LICSST103-AY","810312-022412 / #22412 COTTON SIDE SLIT TEE L (T9905)",,"EACH (EA)",999.00
,"LICSST104-AY","810312-022429 / #22429 COTTON SIDE SLIT TEE XL (T9905)",,"EACH (EA)",999.00
,"LICYP201-AY","810312-022788 / #22788 COTTON YOGA PANTS S-M (P8895)",,"EACH (EA)",999.00
,"LICYP202-AY","810312-022795 / #22795 COTTON YOGA PANTS L-XL (P8895)",,"EACH (EA)",999.00
,"LIDLST101-FW","810312-020975 / #20975 DOUBLE LACE SLEEVE TUNIC S-XL (T7526)",,"EACH (EA)",999.00
,"LIDLST102-FW","810312-021026 / #21026 DOUBLE LACE SLEEVE TUNIC 2XL-3XL (T7526)",,"EACH (EA)",999.00
,"LIFFMA101-AY","810312-023181 / #23181 FABRIC FACE MASK - ADULT (M8198)",,"EACH (EA)",999.00
,"LIFFMK102-AY","810312-023198 / #23198 FABRIC FACE MASK - KIDS (M8198)",,"EACH (EA)",999.00
,"LIFS10041-SS","810312-020258 / #20258 FASHION SUNDRESS (D5823)",,"EACH (EA)",999.00
,"LIFS10042-SS","810312-020623 / #20623 SURPLICE SUNDRESS (D5823)",,"EACH (EA)",999.00
,"LIFS101-SS","810312-020258 / #20258 FASHION SUNDRESS S-XL (D5870)",,"EACH (EA)",999.00
,"LIFS102-SS","810312-020470 / #20470 FASHION SUNDRESS 2XL-3XL (D5870)",,"EACH (EA)",999.00
,"LIFS201-SS","810312-024300 / #24300 FASHION SUNDRESS S-XL (D1070)",,"EACH (EA)",999.00
,"LIFS202-SS","810312-024317 / #24317 FASHION SUNDRESS 2XL-3XL (D1070)",,"EACH (EA)",999.00
,"LIGDL101-AY","810312-023921 / #23921 GIRLS 3-4 SLEEVE CUTOUT BACK DRESS (G2138)",,"EACH (EA)",999.00
,"LIGDL102-AY","810312-023938 / #23938 GIRLS SUPER SOFT LEGGINGS - PRINTED (G2138)",,"EACH (EA)",999.00
,"LIGDL103-AY","810312-023945 / #23945 GIRLS SUPER SOFT LEGGINGS - SOLID (G2138)",,"EACH (EA)",999.00
,"LIHFL101-FW","810312-022962 / #22962 HOLIDAY FLEECE LEGGINGS S-L (L6279)",,"EACH (EA)",4.2
,"LIHFL102-FW","810312-022979 / #22979 HOLIDAY FLEECE LEGGINGS L-XXL (L6279)",,"EACH (EA)",4.2
,"LIHLCHT101-SS","810312-024591 / #24591 HIGH LOW CURVED HEM TUNIC S-XL (T9152)",,"EACH (EA)",999.00
,"LIHLCHT102-SS","810312-024652 / #24652 HIGH LOW CURVED HEM TUNIC 2XL-3XL (T9152)",,"EACH (EA)",999.00
,"LIJJ101-AY","810312-022177 / #22177 JEAN JEGGING S-M (J7742)",,"EACH (EA)",9
,"LIJJ102-AY","810312-022542 / #22542 JEAN JEGGING L-XL (J7742)",,"EACH (EA)",9
,"LIKC101-FW","810312-022986 / #22986 KIMONO CARDIGAN S-M (C8693)",,"EACH (EA)",999.00
,"LIKC102-FW","810312-022993 / #22993 KIMONO CARDIGAN L-XL (C8693)",,"EACH (EA)",999.00
,"LIKFT201-FW","810312-022818 / #22818 KNOT FRONT TUNIC S-M (T1825)",,"EACH (EA)",999.00
,"LIKFT202-FW","810312-022825 / #22825 KNOT FRONT TUNIC L-XL (T1825)",,"EACH (EA)",999.00
,"LILP101-AY","810312-022696 / #22696 LOUNGE PANTS S-M (P9602)",,"EACH (EA)",999.00
,"LILP102-AY","810312-022702 / #22702 LOUNGE PANTS L-XL (P9602)",,"EACH (EA)",999.00
,"LILP201-AY","810312-023556 / #23556 LOUNGE PANTS S-M (P5663)",,"EACH (EA)",10
,"LILP202-AY","810312-023563 / #23563 LOUNGE PANTS L-XL (P5663)",,"EACH (EA)",10
,"LILSTT201-FW","810312-021279 / #21279 LONG SLEEVE THERMAL TOP S-M (T7997)",,"EACH (EA)",999.00
,"LILSTT202-FW","810312-022580 / #22580 LONG SLEEVE THERMAL TOP L-XL (T7997)",,"EACH (EA)",999.00
,"LILSTT203-FW","810312-022597 / #22597 LONG SLEEVE THERMAL TOP 2XL-3XL (T7997)",,"EACH (EA)",999.00
,"LIODJ301-AY","810312-023723 / #23723 ORIGINAL DENIM JEGGING S-M (J4723)",,"EACH (EA)",10.5
,"LIODJ302-AY","810312-023730 / #23730 ORIGINAL DENIM JEGGING L-XL (J4723)",,"EACH (EA)",10.5
,"LIODJ303-AY","810312-023747 / #23747 ORIGINAL DENIM JEGGING 2XL-3XL (J4723)",,"EACH (EA)",10.5
,"LIODJ401-AY","810312-023723 / #23723 ORIGINAL DENIM JEGGING S-M (J3047)",,"EACH (EA)",10.5
,"LIODJ402-AY","810312-023730 / #23730 ORIGINAL DENIM JEGGING L-XL (J3047)",,"EACH (EA)",10.5
,"LIODJ403-AY","810312-023747 / #23747 ORIGINAL DENIM JEGGING 2XL-3XL (J3047)",,"EACH (EA)",10.5
,"LIODJ501-AY","810312-023730 / #23730 ORIGINAL DENIM JEGGING L-XL (J7430)",,"EACH (EA)",999.00
,"LIODJ502-AY","810312-023747 / #23747 ORIGINAL DENIM JEGGING 2XL-3XL (J7430)",,"EACH (EA)",999.00
,"LIOFC101-FW","810312-022498 / #22498 OPEN FRONT CARDIGAN S-M (C9804)",,"EACH (EA)",999.00
,"LIOFC102-FW","810312-022504 / #22504 OPEN FRONT CARDIGAN L-XL (C9804)",,"EACH (EA)",999.00
,"LIP34WKT401-AY","810312-023518 / #23518 PRINTED 3-4 WAFFLE KNIT TUNIC (T5218)",,"EACH (EA)",999.00
,"LIPBST101-SS","810312-023099 / #23099 PRINTED BISHOP SLEEVE TUNIC S-XL (T0599)",,"EACH (EA)",999.00
,"LIPBST102-SS","810312-023105 / #23105 PRINTED BISHOP SLEEVE TUNIC 2XL-3XL (T0599)",,"EACH (EA)",999.00
,"LIPBST201-SS","810312-024492 / #24492 PRINTED BISHOP SLEEVE TUNIC S-XL (T9208)",,"EACH (EA)",999.00
,"LIPBST202-SS","810312-024508 / #24508 PRINTED BISHOP SLEEVE TUNIC 2XL-3XL (T9208)",,"EACH (EA)",999.00
,"LIPDFM101-AY","810312-023372 / #23372 PRINTED DISP FACE MASK - KIDS (M6572)",,"EACH (EA)",999.00
,"LIPDFM102-AY","810312-023365 / #23365 PRINTED DISP FACE MASK - ADULT (M6572)",,"EACH (EA)",999.00
,"LIPDJ201-AY","810312-021552 / #21552 PRINTED JEGGING S-M (P5232)",,"EACH (EA)",9
,"LIPDJ202-AY","810312-022832 / #22832 PRINTED JEGGING L-XL (P5232)",,"EACH (EA)",9
,"LIPDJ301-AY","810312-023846 / #23846 PRINTED JEGGING S-M (J4660)",,"EACH (EA)",10.5
,"LIPDJ302-AY","810312-023853/ #23853 PRINTED JEGGING L-XL (J4660)",,"EACH (EA)",10.5
,"LIPDJ303-AY","810312-023860/ #23860 PRINTED JEGGING 2XL-3XL (J4660)",,"EACH (EA)",10.5
,"LIPDST101-FW","810312-024331 / #24331 PRINTED DROP SHOULDER TUNIC (T3148)",,"EACH (EA)",999.00
,"LIPDST102-FW","810312-024348 / #24348 PRINTED DROP SHOULDER TUNIC 2XL-3XL (T3148)",,"EACH (EA)",999.00
,"LIPHC101-FW","810312-023532 / #23532 PRINTED HOODED CARDIGAN (C3249)",,"EACH (EA)",999.00
,"LIPHHT101-FW","810312-023242 / #23242 PRINTED HNKERCHF HEM TUNIC S-XL (T4259)",,"EACH (EA)",999.00
,"LIPHHT102-FW","810312-023259 / #23259 PRINTED HNKERCHF HEM TUNIC 2XL-3XL (T4259)",,"EACH (EA)",999.00
,"LIPKT101-FW","810312-023266 / #23266 PLUSH KNIT TUNIC S-XL (T6673)",,"EACH (EA)",999.00
,"LIPKT102-FW","810312-023273 / #23273 PLUSH KNIT TUNIC 2XL-3XL (T6673)",,"EACH (EA)",999.00
,"LIPOS101-FW","810312-020234 / #20234 PULL OVER SHAWL (S3455)",,"EACH (EA)",999.00
,"LIPOS102-FW","810312-021255 / #21255 PRINTED SWEATER VEST (S3455)",,"EACH (EA)",999.00
,"LIPP201-FW","810312-020340 / #20340 PLUSH PANTS S-M (P4073)",,"EACH (EA)",999.00
,"LIPP202-FW","810312-022573 / #22573 PLUSH PANTS L-XL (P4073)",,"EACH (EA)",999.00
,"LIPPP201-SS","810312-020555 / #20555 PRINTED PALAZZO PANTS S-XL (P5590)",,"EACH (EA)",999.00
,"LIPPP202-SS","810312-020890 / #20890 2XL-3XL-PRINT PALAZO PANTS (P5590)",,"EACH (EA)",999.00
,"LIPPST101-FW","810312-021705 / #21705 PRINTED POCKET SWING TUNIC S-M (T0541)",,"EACH (EA)",999.00
,"LIPPST102-FW","810312-022641 / #22641 PRINTED POCKET SWING TUNIC L-XL (T0541)",,"EACH (EA)",999.00
,"LIPPST301-FW","810312-021705 / #21705 PRINTED POCKET SWING TUNIC S-XL (T7205)",,"EACH (EA)",999.00
,"LIPPST302-FW","810312-022672 / #22672 PRINT PKT SWG TUNIC 2XL-3XL (T7205)",,"EACH (EA)",999.00
,"LIPRHBST101-FW","810312-023280 / #23280 PRINTED RD HEM BISHOP SLE TUNIC S-XL (T8097)",,"EACH (EA)",999.00
,"LIPRHBST102-FW","810312-023297 / #23297 PRINTED RD HEM BISHOP SLE TUNIC 2XL-3XL (T8097)",,"EACH (EA)",999.00
,"LIPSD101-SS","810312-024638 / #24638 PRINTED SHIRTTAIL DRESS S-XL (D3845)",,"EACH (EA)",999.00
,"LIPSD102-SS","810312-024645 / #24645 PRINTED SHIRTTAIL DRESS 2XL-3XL (D3845)",,"EACH (EA)",999.00
,"LIPSSPT101-SS","810312-024577 / #245771 PRINTED SHORT SLEEVE POCKET TUNIC S-XL (T7784)",,"EACH (EA)",999.00
,"LIPSSPT102-SS","810312-024584 / #24584 PRINTED SHORT SLEEVE POCKET TUNIC 2XL-3XL (T7784)",,"EACH (EA)",999.00
,"LIPSST101-FW","810312-024119 / #24119 PRINTED V-NECK SIDE SLIT TUNIC S-XL (T1926)",,"EACH (EA)",999.00
,"LIPSST102-FW","810312-024126 / #24126 PRINTED V-NECK SIDE SLIT TUNIC 2XL-3XL (T1926)",,"EACH (EA)",999.00
,"LIPTPP101-SS","810312-023075 / #23075 PRINTED TASSEL TIE PALAZZO PANTS S-XL (P7582)",,"EACH (EA)",9
,"LIPTPP102-SS","810312-023082 / #23082 PRINTED TASSEL TIE PALAZZO PANTS 2XL-3XL (P7582)",,"EACH (EA)",9
,"LIPTPP201-SS","810312-024393 / #24393 PRINTED TASSEL TIE PALAZZO PANTS S-XL (P9309)",,"EACH (EA)",999.00
,"LIPTPP202-SS","810312-024409 / #24409 PRINTED TASSEL TIE PALAZZO PANTS 2XL-3XL (P9309)",,"EACH (EA)",999.00
,"LIPVN34BCT201-AY","810312-023211 / #23211 PRINT V-NECK 3-4 BAND CLR TUNIC (T0411)",,"EACH (EA)",999.00
,"LIPVN34ST101-AY","810312-022238 / #22238 PRINT V-NECK 3-4 SL TUNIC S-M (T5038)",,"EACH (EA)",999.00
,"LIPVN34ST102-AY","810312-022245 / #22245 PRINT V-NECK 3-4 SL TUNIC L-XL (T5038)",,"EACH (EA)",999.00
,"LIRHSST101-AY","810312-022559 / #22559 ROUNDED HEM SS TEE S-M (T5966)",,"EACH (EA)",999.00
,"LIRHSST102-AY","810312-022566 / #22566 ROUNDED HEM SS TEE L-XL (T5966)",,"EACH (EA)",999.00
,"LIRKP101-FW","810312-023327 / #23327 RIBBED KNIT PANTS S-XL (P2734)",,"EACH (EA)",999.00
,"LIRKP102-FW","810312-023334 / #23334 RIBBED KNIT PANTS 2XL-3XL (P2734)",,"EACH (EA)",999.00
,"LIRUST101-FW","810312-021729 / #21729 ROLL UP SLEEVE TUNIC S-M (T2919)",,"EACH (EA)",999.00
,"LIRUST102-FW","810312-022719 / #22719 ROLL UP SLEEVE TUNIC L-XL (T2919)",,"EACH (EA)",999.00
,"LIS34PBT402-AY","810312-023525 / #23525 SOLID 3-4 PLEAT BACK TUNIC (T5218)",,"EACH (EA)",999.00
,"LISBST101-SS","810312-024201 / #24201 SOLID BACK SLIT TUNIC S-XL (T1801)",,"EACH (EA)",999.00
,"LISBST102-SS","810312-024218 / #24218 SOLID BACK SLIT TUNIC 2XL-3XL (T1801)",,"EACH (EA)",999.00
,"LISBT201-FW","810312-022726 / #22726 SHARK-BITE TUNIC S-M (T2633)",,"EACH (EA)",999.00
,"LISBT202-FW","810312-022733 / #22733 SHARK-BITE TUNIC L-XL (T2633)",,"EACH (EA)",999.00
,"LISC101-AY","810312-022511 / #22511 SEAMLESS CAMISOLE S-M (T1128)",,"EACH (EA)",999.00
,"LISC102-AY","810312-022528 / #22528 SEAMLESS CAMISOLE L-2XL (T1128)",,"EACH (EA)",999.00
,"LISCL101-AY","810312-023488 / #23488 SOLID COTTON WIDE WTBD LEGS S-XL (L9588)",,"EACH (EA)",8
,"LISCL102-AY","810312-023495 / #23495 SOLID COTTON WIDE WTBD LEGS 2XL-3XL (L9588)",,"EACH (EA)",8
,"LISCL201-AY","810312-024287 / #24287 SOLID COTTON LEGGINGS S-XL (L8794)",,"EACH (EA)",999.00
,"LISCL202-AY","810312-024294 / #24294 SOLID COTTON LEGGINGS 2XL-3XL (L8794)",,"EACH (EA)",999.00
,"LISCP101-AY","810312-023389 / #23389 SOLID CASUAL PANTS S-XL (P8957)",,"EACH (EA)",999.00
,"LISCP102-AY","810312-024157 / #24157 SOLID CASUAL PANTS 2XL-3XL (P8957)",,"EACH (EA)",999.00
,"LISDJ101-AY","810312-023051 / #23051 SOLID DENIM JEGGING S-M (J5153)",,"EACH (EA)",8.8
,"LISDJ102-AY","810312-023358 / #23358 SOLID DENIM JEGGING L-XL (J5153)",,"EACH (EA)",8.8
,"LISDJ103-AY","810312-021453 / #21453 SOLID DENIM JEGGING 2XL-3XL (J5153)",,"EACH (EA)",8.8
,"LISDJ201-AY","810312-023051 / #23051 SOLID DENIM JEGGING S-M (J5853)",,"EACH (EA)",8.8
,"LISDJ202-AY","810312-023358 / #23358 SOLID DENIM JEGGING L-XL (J5853)",,"EACH (EA)",8.8
,"LISDJ203-AY","810312-021453 / #21453 SOLID DENIM JEGGING 2XL-3XL (J5853)",,"EACH (EA)",8.8
,"LISFL201-FW","810312-020456 / #20456 SEAMLESS FLEECE LEGGINGS S-L (L5634)",,"EACH (EA)",3.75
,"LISFL202-FW","810312-022634 / #22634 SEAMLESS FLEECE LEGGINGS L-XXL (L5634)",,"EACH (EA)",3.75
,"LISFL301-FW","810312-023907 / #23907 SEAMLESS FLEECE LEGGINGS (L1407)",,"EACH (EA)",999.00
,"LISFL302-FW","810312-023914 / #23914 TEXTURED FLEECE LEGGINGS (L1407)",,"EACH (EA)",999.00
,"LISHC101-FW","810312-023549 / #23549 SOLID HOODED CARDIGAN (C3249)",,"EACH (EA)",999.00
,"LISJJ101-AY","810312-023815 / #23815 SOLID JEAN JEGGING S-M (J1539)",,"EACH (EA)",11.5
,"LISJJ102-AY","810312-023822 / #23822 SOLID JEAN JEGGING L-XL (J1539)",,"EACH (EA)",11.5
,"LISJJ103-AY","810312-023839 / #23839 SOLID JEAN JEGGING 2XL-3XL (J1539)",,"EACH (EA)",11.5
,"LISPPT101-SS","810312-024478 / #024478 PRINTED POCKET SLEEVELSS TUNIC (T7885)",,"EACH (EA)",999.00
,"LISPPT102-SS","810312-024485 / #024485 PRINTED POCKET SLVELSS TUN 2XL-3XL(T7885)",,"EACH (EA)",999.00
,"LISPSLT101-SS","810312-024614 / #24614 SOLID POCKET SLEEVELESS TUNIC S-XL (T1421)",,"EACH (EA)",999.00
,"LISPSLT102-SS","810312-024621 / #24621 SOLID POCKET SLEEVELESS TUNIC 2XL-3XL (T1421)",,"EACH (EA)",999.00
,"LISPST101-FW","810312-021712 / #21712 SOLID POCKET SWING TUNIC S-M (T1258)",,"EACH (EA)",999.00
,"LISPST102-FW","810312-022658 / #22658 SOLID POCKET SWING TUNIC L-XL (T1258)",,"EACH (EA)",999.00
,"LISPST201-FW","810312-021712 / #21712 SOLID POCKET SWING TUNIC S-XL (T1289)",,"EACH (EA)",999.00
,"LISPST202-FW","810312-022689 / #22689 2XL-3XL SOLID PKT SWG TUNIC (T1289)",,"EACH (EA)",999.00
,"LISPUFFS101-FW","810312-024133 / #24133 SOLID PUFF SLEEVE TUNIC S-XL (T3340)",,"EACH (EA)",999.00
,"LISPUFFS102-FW","810312-024140 / #24140 SOLID PUFF SLEEVE TUNIC 2XL-3XL (T3340)",,"EACH (EA)",999.00
,"LISSCS101-SS","810312-024539 / #24539 PRINT S. SOFT CASUAL SHORTS (S3960)",,"EACH (EA)",999.00
,"LISSCS102-SS","810312-024546 / #24546 PRINT S. SOFT CASUAL SHORTS 2XL-3XL (S3960)",,"EACH (EA)",999.00
,"LISSCS103-SS","810312-024553 / #24553 SOLID S. SOFT CASUAL SHORTS (S3960)",,"EACH (EA)",999.00
,"LISSCS104-SS","810312-024560 / #24560 SOLID S. SOFT CASUAL SHORTS 2XL-3XL (S3960)",,"EACH (EA)",999.00
,"LISSH101-AY","810312-023006 / #23006 SUPER SOFT HOODIE S-M (T0613)",,"EACH (EA)",999.00
,"LISSH102-AY","810312-023013 / #23013 SUPER SOFT HOODIE L-XL (T0613)",,"EACH (EA)",999.00
,"LISSHT101-SS","810312-023457 / #23457 SOLID SYM HEMLINE TUNIC S-XL (T5764)",,"EACH (EA)",999.00
,"LISSHT102-SS","810312-023464 / #23464 SOLID SYM HEMLINE TUNIC 2XL-3XL (T5764)",,"EACH (EA)",999.00
,"LISSHT201-SS","810312-024430 / #24430 SOLID SYM HEMLINE TUNIC S-XL (T4730)",,"EACH (EA)",999.00
,"LISSHT202-SS","810312-024447 / #24447 SOLID SYM HEMLINE TUNIC 2XL-3XL (T4730)",,"EACH (EA)",999.00
,"LISSL101-AY","810312-022290 / #22290 SUP SOFT LEG PRINT S-L (L9006)",,"EACH (EA)",999.00
,"LISSL102-AY","810312-022306 / #22306 SUP SOFT LEG PRINT L-2XL (L9006)",,"EACH (EA)",999.00
,"LISSL111-AY","810312-022313 / #22313 SUP SOFT LEG SOLID BLK S-L (L1320)",,"EACH (EA)",999.00
,"LISSL112-AY","810312-022320 / #22320 SUP SOFT LEG SOLID BLK L-2XL (L1320)",,"EACH (EA)",999.00
,"LISSL113-AY","810312-022337 / #22337 SUP SOFT LEG SOLID NVY S-L (L1320)",,"EACH (EA)",999.00
,"LISSL114-AY","810312-022344 / #22344 SUP SOFT LEG SOLID NVY L-2XL (L1320)",,"EACH (EA)",999.00
,"LISSL115-AY","810312-022351 / #22351 SUP SOFT LEG SOLID GRY S-L (L1320)",,"EACH (EA)",999.00
,"LISSL116-AY","810312-022368 / #22368 SUP SOFT LEG SOLID GRY L-2XL (L1320)",,"EACH (EA)",999.00
,"LISSL117-AY","810312-022375 / #22375 SUP SOFT LEG SOLID BGY S-L (L1320)",,"EACH (EA)",999.00
,"LISSL118-AY","810312-022382 / #22382 SUP SOFT LEG SOLID BGY L-2XL (L1320)",,"EACH (EA)",999.00
,"LISSL201-AY","810312-023662 / #23662 SOLID SUP SOFT LEG S-L (L6286)",,"EACH (EA)",4
,"LISSL202-AY","810312-023679 / #23679 SOLID SUP SOFT LEG L-2XL (L6286)",,"EACH (EA)",4
,"LISSL203-AY","810312-023686 / #23686 SOLID SUP SOFT LEG 2XL-3XL (L6286)",,"EACH (EA)",4
,"LISSL301-AY","810312-023693 / #23693 PRINTED SUP SOFT LEG S-L (L9316)",,"EACH (EA)",4
,"LISSL302-AY","810312-023709 / #23709 PRINTED SUP SOFT LEG L-XL (L9316)",,"EACH (EA)",4
,"LISSL303-AY","810312-023716 / #23716 PRINTED SUP SOFT LEG 2XL-3XL (L9316)",,"EACH (EA)",4
,"LISSLLS101-AY","810312-023648 / #23648 VALENTINES SUP SOFT LEG S-2XL (L4855)",,"EACH (EA)",999.00
,"LISSLLS102-AY","810312-023655 / #23655 LOUNGE SET (L4855)",,"EACH (EA)",999.00
,"LISSPT101-SS","810312-024188 / #24188 SOLID SHORT SLEEVE POCKET TUNIC S-XL (T5898)",,"EACH (EA)",999.00
,"LISSPT102-SS","810312-024195 / #24195 SOLID SHORT SLEEVE POCKET TUNIC 2XL-3XL (T5898)",,"EACH (EA)",999.00
,"LISST101-AY","810312-022559 / #22559 SOLID SUPER SOFT TEE S-M (T5937)",,"EACH (EA)",999.00
,"LISST102-AY","810312-022566 / #22566 SOLID SUPER SOFT TEE L-XL (T5937)",,"EACH (EA)",999.00
,"LISST103-AY","810312-023020 / #23020 PRINTED SUPER SOFT TEE S-M (T5937)",,"EACH (EA)",999.00
,"LISST104-AY","810312-023037 / #23037 PRINTED SUPER SOFT TEE L-XL (T5937)",,"EACH (EA)",999.00
,"LISUS101-AY","810312-023778 / #23778 SOLID UNISEX SCRUB S (S7808)",,"EACH (EA)",999.00
,"LISUS102-AY","810312-023785 / #23785 SOLID UNISEX SCRUB M (S7808)",,"EACH (EA)",999.00
,"LISUS103-AY","810312-023792 / #23792 SOLID UNISEX SCRUB L (S7808)",,"EACH (EA)",999.00
,"LISUS104-AY","810312-023808 / #23808 SOLID UNISEX SCRUB XL (S7808)",,"EACH (EA)",999.00
,"LISVN34BST202-AY","810312-023204 / #23204 SOLID V-NECK 3-4 BELL SL TUNIC (T0411)",,"EACH (EA)",999.00
,"LISVN34ST101-AY","810312-022450 / #22450 SOLID V-NECK 3-4 SL TUNIC S-M (T5038)",,"EACH (EA)",999.00
,"LISVN34ST102-AY","810312-022467 / #22467 SOLID V-NECK 3-4 SL TUNIC L-XL (T5038)",,"EACH (EA)",999.00
,"LITFL201-FW","810312-021668 / #21668 TEXTURED FLEECE LEGGINGS S-L (L6843)",,"EACH (EA)",3.75
,"LITFL202-FW","810312-022443 / #22443 TEXTURED FLEECE LEGGINGS L-XXL (L6843)",,"EACH (EA)",3.75
,"LIUFFH101-FW","810312-024003 / #24003 UNISEX FULL-ZIP FLEECE HOODIE S (T2703)",,"EACH (EA)",999.00
,"LIUFFH102-FW","810312-024010 / #24010 UNISEX FULL-ZIP FLEECE HOODIE M-L (T2703)",,"EACH (EA)",999.00
,"LIUFFH103-FW","810312-024027 / #24027 UNISEX FULL-ZIP FLEECE HOODIE XL (T2703)",,"EACH (EA)",999.00
,"LIUFJP101-FW","810312-023976 / #23976 UNISEX FLEECE JOGGER PANTS S (P7690)",,"EACH (EA)",999.00
,"LIUFJP102-FW","810312-023983 / #23983 UNISEX FLEECE JOGGER PANTS M-L (P7690)",,"EACH (EA)",999.00
,"LIUFJP103-FW","810312-023990 / #23990 UNISEX FLEECE JOGGER PANTS XL (P7690)",,"EACH (EA)",999.00
,"LIUFPP101-FW","810312-024041 / #24041 UNISEX FLANNEL PAJAMA PANTS S (P4165)",,"EACH (EA)",999.00
,"LIUFPP102-FW","810312-024058 / #24058 UNISEX FLANNEL PAJAMA PANTS M-L (P4165)",,"EACH (EA)",999.00
,"LIUFPP103-FW","810312-024065 / #24065 UNISEX FLANNEL PAJAMA PANTS XL (P4165)",,"EACH (EA)",999.00
,"LIUHS101-FW","810312-024089 / #24089 UNISEX HOLIDAY SWEATSHIRT S (S8902)",,"EACH (EA)",999.00
,"LIUHS102-FW","810312-024096 / #24096 UNISEX HOLIDAY SWEATSHIRT M-L (S8902)",,"EACH (EA)",999.00
,"LIUHS103-FW","810312-024102 / #24102 UNISEX HOLIDAY SWEATSHIRT XL (S8902)",,"EACH (EA)",999.00
,"LIULDJ101-FW","810312-022849 / #22849 ULTRA LIGHT DOWN JACKET S-M BLK (T4955)",,"EACH (EA)",999.00
,"LIULDJ102-FW","810312-022856 / #22856 ULTRA LIGHT DOWN JACKET L BLK (T4955)",,"EACH (EA)",999.00
,"LIULDJ103-FW","810312-022863 / #22863 ULTRA LIGHT DOWN JACKET XL BLK (T4955)",,"EACH (EA)",999.00
,"LIULDJ104-FW","810312-022870 / #22870 ULTRA LIGHT DOWN JACKET S-M GRY (T4955)",,"EACH (EA)",999.00
,"LIULDJ105-FW","810312-022887 / #22887 ULTRA LIGHT DOWN JACKET L GRY (T4955)",,"EACH (EA)",999.00
,"LIULDJ106-FW","810312-022894 / #22894 ULTRA LIGHT DOWN JACKET XL GRY (T4955)",,"EACH (EA)",999.00
,"LIULDJ107-FW","810312-022900 / #22900 ULTRA LIGHT DOWN JACKET S-M BGY (T4955)",,"EACH (EA)",999.00
,"LIULDJ108-FW","810312-022917 / #22917 ULTRA LIGHT DOWN JACKET L BGY (T4955)",,"EACH (EA)",999.00
,"LIULDJ109-FW","810312-022924 / #22924 ULTRA LIGHT DOWN JACKET XL BGY (T4955)",,"EACH (EA)",999.00
,"LIULDJ110-FW","810312-022931 / #22931 ULTRA LIGHT DOWN JACKET S-M BLH (T4955)",,"EACH (EA)",999.00
,"LIULDJ111-FW","810312-022948 / #22948 ULTRA LIGHT DOWN JACKET L BLH (T4955)",,"EACH (EA)",999.00
,"LIULDJ112-FW","810312-022955 / #22955 ULTRA LIGHT DOWN JACKET XL BLH (T4955)",,"EACH (EA)",999.00
,"LIVFLT101-SS","810312-023044 / #23044 V-NECK FULL LACE TUNIC (T4487)",,"EACH (EA)",999.00
,"LIVFLT102-SS","810312-021187 / #21187 FULL LACE TUNIC (T4487)",,"EACH (EA)",999.00
,"LIWWCL101-AY","810312-023143 / #23143 WIDE WTBD COTTON LEGS S-XL (PWP)",,"EACH (EA)",999.00
,"MC - MASTER CARTON","CASE - MISCELLANEOUS",,"CASE (CS)",0.00
,"MCTXT100-SHIPPER","10810312021504 / SHIPPER OF 20 OZ TX TUMBLER (48 / SHIPPER)",,"CASE (CS)",0.00
,"MCWT-SHIPPER","10810312021535 / SHIPPER OF WINE TUMBLERS (48 / SHIPPER)",,"CASE (CS)",0.00
,"MISCELLANEOUS-AY","MISCELLANEOUS CLOSEOUTS",,"EACH (EA)",999.00
,"NRB10","NUMBER OF RETURN BOXES",,"CASE (CS)",0.00
,"RL10","RETURN LABEL",,"EACH (EA)",0.00
,"SAMPLES10","SAMPLES",,"CASE (CS)",0.00
,"TEMP2","810312-021583 / #21583 CLINCHIE",,"EACH (EA)",999.00
,"TEMP3","810312-021590 / #21590 EYE GLASS HOLDER",,"EACH (EA)",999.00
,"XXXX10100-AY","COUNTER DISPLAY RACK - 2 TIER",,"EACH (EA)",999.00
,"XXXX10204-AY","BLACK COUNTER SPINNER RACK",,"EACH (EA)",999.00
,"XXXX10212-AY","04-001CH / BLACK FOUR WAY RACK",,"EACH (EA)",999.00
,"XXXX10216-AY","63-304CH / ATTACHMENT ARM - CHROME",,"EACH (EA)",999.00
,"CD1","CREDIT DISCREPANCY - MISSING RETURNS DATA (INTERNAL ERROR)",,"EACH (EA)",0.00
,"KEYREC1","KEYREC REIMBURSEMENT",,,0.00
,"MD1","MISC. CUSTOMER DEDUCTION",,"EACH (EA)",0.00
,"N1-CVS F/W","FALL/WINTER TRANSITION ORDER:........PLEASE SEE PLANOGRAM FOR INSTRUCTIONS AND RETURN LABELS ARE...",,,0.00
,"N1-CVS S/S","SPRING/SUMMER TRANSITION ORDER:........PLEASE SEE PLANOGRAM FOR INSTRUCTIONS AND RETURN LABELS A...",,,0.00
,"N2-GS F/W","FALL/WINTER TRANSITION ORDER PER CATEGORY MANAGER:........PLEASE SEE PLANOGRAM FOR INSTRUCTIONS ...",,,0.00
,"N2-GS S/S","SPRING/SUMMER TRANSITION ORDER PER CATEGORY MANAGER:........PLEASE SEE PLANOGRAM FOR INSTRUCTION...",,,0.00
,"N3-BTS","BACK TO SCHOOL PROGRAM:........PLEASE SEE PLANOGRAM FOR INSTRUCTIONS...-------------------------...",,,0.00
,"N3-FFM","FACE MASK PROGRAM:........CPSIA CERTIFICATE:..https://www.winwinproducts.com/cpsia/facecoverings...",,,0.00
,"N3-NDGB","CVS Holiday 2021 Night Dress W/Cozy Socks Box Set:........--------------------------------------...",,,0.00
,"N3-OPTIN","BEACH WEAR PROGRAM:........PLEASE SEE PLANOGRAM FOR INSTRUCTIONS...-----------------------------...",,,0.00
,"N3-Program","2022 SUMMER DRESS PROGRAM:........PLEASE SEE PLANOGRAM FOR INSTRUCTIONS...----------------------...",,,0.00
,"N3-PW","POWER WING PROGRAM:........PLEASE SEE PLANOGRAM FOR INSTRUCTIONS...-----------------------------...",,,0.00
,"N3-Standard","LOUNGE WEAR PROGRAM:........PLEASE SEE PLANOGRAM FOR INSTRUCTIONS...----------------------------...",,,0.00
,"N4-RO","Replenishment Authorized by CVS Corporate..WinWin Support: 469-733-5867 or support@winwinproduct...",,,0.00
,"OC1","OVER CHARGE BY CUSTOMER",,,0.00
,"POGBTS21-8'","POG: BTS21-8'",,"EACH (EA)",0.00
,"POGFW21-10'","POG: FW21-10'",,"EACH (EA)",0.00
,"POGFW21-2W","POG: FW21-2W",,"EACH (EA)",0.00
,"POGFW21-3'","POG: FW21-3'",,"EACH (EA)",0.00
,"POGFW21-4'","POG: FW21-4'",,"EACH (EA)",0.00
,"POGFW21-4WA","POG: FW21-4WA",,"EACH (EA)",0.00
,"POGFW21-4WB","POG: FW21-4WB",,"EACH (EA)",0.00
,"POGFW22-LW","POG: FW22-LW",,"EACH (EA)",0.00
,"POGSS21-1W","POG: SS21-1W",,"EACH (EA)",0.00
,"POGSS21-2W","POG: SS21-2W",,"EACH (EA)",0.00
,"POGSS21-4W","POG: SS21-4W",,"EACH (EA)",0.00
,"POGSS21-4WE","POG: SS21-4WE",,"EACH (EA)",0.00
,"POGSS21-8'DBW","POG: SS21-8'DBW",,"EACH (EA)",0.00
,"POGSS21-BW4W","POG: SS21-BW4W",,"EACH (EA)",0.00
,"POGSS22-12'","POG: SS22-12'",,"EACH (EA)",0.00
,"POGSS22-4'","POG: SS22-4'",,"EACH (EA)",0.00
,"POGSS22-4' DP","POG: SS22-4' DP",,"EACH (EA)",0.00
,"POGSS22-4WA","POG: SS22-4WA",,"EACH (EA)",0.00
,"POGSS22-4WB","POG: SS22-4WB",,"EACH (EA)",0.00
,"POGSS22-6'","POG: SS22-6'",,"EACH (EA)",0.00
,"POGSS22-8'","POG: SS22-8'",,"EACH (EA)",0.00
,"POGSS22-ECA","POG: SS22-ECA",,"EACH (EA)",0.00
,"POGSS22-ECB","POG: SS22-ECB",,"EACH (EA)",0.00
,"POGSS22-PW","POG: SS22-PW",,"EACH (EA)",0.00
,"POGSS22-PWB","POG: SS22-PWB",,"EACH (EA)",0.00
,"POGSS22-SRA","POG: SS22-SRA",,"EACH (EA)",0.00
,"POGSS22-SRB","POG: SS22-SRB",,"EACH (EA)",0.00
,"PROMO1","PROMOTIONAL DISCOUNT",,,0.00
,"SIGNDS22-A","DS22-A SIGN",,"EACH (EA)",0.00
,"SIGNDS22-B","DS22-B SIGN",,"EACH (EA)",0.00
,"SSL/JEGGING SIGN","LEGGINGS & JEGGINGS PRICE SIGN",,"EACH (EA)",0.00
,"WINWIN FW19",,,,""
,"C 1","FREIGHT",,,
,"C 3","FREIGHT -- NO CHARGE",,,""
,"C 4","NON-INVENTORY CLAIMS / COGS",,,
,"C 5","IRS REIMBURSEMENT",,,""
,"C 6","OTHER MISCELLANEOUS INCOME",,,
,"C 7","FREIGHT CHARGE - RETURNS BY CUSTOMERS",,,""
,"FREIGHT - COGS - GIFTS","FREIGHT OUTBOUND - GIFTS",,,
,"FREIGHT OUT - INVENTORY ITEMS","FREIGHT OUT - INVENTORY ITEMS",,,""
,"NOTES 1 -DEDUCTION","DEDUCTION DATE:                         CHECK #:",,,
,"RECOVERED LOSS","RECOVERED DEFAULT PAYMENTS",,,""
,"CD 100","CUSTOMER / MISCELLANEOUS DEDUCTIONS",,,
,"TD10","TRADE DISCOUNT",,,""
,"TD5","TRADE DISCOUNT",,,
